{"cameraMode":{"drawMode":0,"name":"Shaded","section":"Shading Mode"},"sceneLighting":true,"audioPlay":false,"sceneViewState":{"showFog":true,"showMaterialUpdate":false,"showSkybox":true,"showFlares":true,"showImageEffects":true,"showParticleSystems":true},"in2DMode":false,"pivot":{"x":3.9536900520324709,"y":0.11231064796447754,"z":-5.3253560066223148},"rotation":{"x":-0.2705833613872528,"y":-0.07298543304204941,"z":0.020577270537614824,"w":-0.9597101211547852},"size":2.5384840965270998,"orthographic":false}