{"cameraMode":{"drawMode":0,"name":"Shaded","section":"Shading Mode"},"sceneLighting":true,"audioPlay":false,"sceneViewState":{"showFog":true,"showMaterialUpdate":false,"showSkybox":true,"showFlares":true,"showImageEffects":true,"showParticleSystems":true},"in2DMode":false,"pivot":{"x":0.28543639183044436,"y":1.4789671897888184,"z":-3.6148157119750978},"rotation":{"x":-0.4173187017440796,"y":-0.22707629203796388,"z":0.10851678252220154,"w":-0.873238742351532},"size":3.4620256423950197,"orthographic":false}